,Country,Reactor Code,Reactor Name,Type,Model,Capacity (MW)-Thermal,Capacity (MW)-Gross,Capacity (MW)-Net,Operator,"NSSS
supplier","Construction
start","Grid
connection","Commercial
operation",EAF %,UCF %,Non-,Latitude, Longitude
0,INDIA,IN -25,KUDANKULAM-1,PWR,VVER V-412,3000,1000,932,NPCIL,MAEP,2002-3,2013-10,2014-12,52.15391645,52.15391645,-,8.168889,77.7125
1,INDIA,IN -26,KUDANKULAM-2,PWR,VVER V-412,3000,1000,932,NPCIL,MAEP,2002-7,2016-8,2017-3,45.97445934,45.97445934,-,8.16889,77.7125
2,CHINA,CN -36,CHANGJIANG-1,PWR,CNP-600,1930,650,601,HNPC,DEC,2010-4,2015-11,2015-12,87.23255067,87.23255067,-,19.46075,108.8999167
3,CHINA,CN -37,CHANGJIANG-2,PWR,CNP-600,1930,650,601,HNPC,DEC,2010-11,2016-6,2016-8,87.47517464,87.47517464,-,19.46075,108.8999167
4,MEXICO,MX -1,LAGUNA VERDE-1,BWR,BWR-5,2317,805,777,CFE,GE,1976-10,1989-4,1990-7,76.83934936,78.66529799,-,19.72083,96.40639
5,MEXICO,MX -2,LAGUNA VERDE-2,BWR,BWR-5,2317,803,775,CFE,GE,1977-6,1994-11,1995-4,81.55309096,82.9956119,-,19.72083,96.40639
6,INDIA,IN -1,TARAPUR-1,BWR,BWR-1 (Mark 2),530,160,150,NPCIL,GE,1964-10,1969-4,1969-10,69.85193806,70.44363058,-,19.8289806,72.6612056
7,INDIA,IN -2,TARAPUR-2,BWR,BWR-1 (Mark 2),530,160,150,NPCIL,GE,1964-10,1969-5,1969-10,74.32865553,75.03955975,-,19.8289806,72.6612056
8,INDIA,IN -23,TARAPUR-3,PHWR,Horizontal Pre,1730,540,490,NPCIL,NPCIL,2000-5,2006-6,2006-8,85.24523966,89.00068355,-,19.8289806,72.6612056
9,INDIA,IN -24,TARAPUR-4,PHWR,Horizontal Pre,1730,540,490,NPCIL,NPCIL,2000-3,2005-6,2005-9,77.74645994,85.21969413,-,19.8289806,72.6612056
10,CHINA,CN -38,FANGCHENGGANG-1,PWR,CPR-1000,2905,1086,1000,GFNPC,DEC,2010-7,2015-10,2016-1,91.57124393,91.65618686,-,21.67083,108.55833
11,CHINA,CN -39,FANGCHENGGANG-2,PWR,CPR-1000,2905,1086,1000,GFNPC,DEC,2010-12,2016-7,2016-10,91.45607017,91.54684127,-,21.67083,108.55833
12,CHINA,CN -22,YANGJIANG-1,PWR,CPR-1000,2905,1086,1000,YJNPC,CFHI,2008-12,2013-12,2014-3,89.26347183,89.31682837,-,21.70833,112.26111
13,CHINA,CN -23,YANGJIANG-2,PWR,CPR-1000,2905,1086,1000,YJNPC,CFHI,2009-6,2015-3,2015-6,90.26093729,90.35531067,-,21.70833,112.26111
14,CHINA,CN -40,YANGJIANG-3,PWR,CPR-1000,2905,1086,1000,YJNPC,CFHI,2010-11,2015-10,2016-1,92.07751426,92.40078514,-,21.70833,112.26111
15,CHINA,CN -41,YANGJIANG-4,PWR,CPR-1000,2905,1086,1000,YJNPC,CFHI,2012-11,2017-1,2017-3,88.5329416,88.64515524,-,21.70833,112.26111
16,CHINA,CN -47,YANGJIANG-5,PWR,ACPR-1000,2905,1086,1000,YJNPC,CFHI,2013-9,2018-5,2018-7,87.97546979,88.25297587,-,21.70833,112.26111
17,CHINA,CN -48,YANGJIANG-6,PWR,ACPR-1000,2905,1086,1000,YJNPC,CFHI,2013-12,2019-6,2019-7,99.99669118,99.99669118,-,21.70833,112.26111
18,CHINA,CN -32,TAISHAN-1,PWR,EPR-1750,4590,1750,1660,TNPJVC,AREVA,2009-11,2018-6,2018-12,90.27783425,90.27783425,-,21.91778,112.98194
19,CHINA,CN -33,TAISHAN-2,PWR,EPR-1750,4590,1750,1660,TNPJVC,AREVA,2010-4,2019-6,—,0,0,-,21.91778,112.98194
20,CHINA,CN -2,DAYA BAY-1,PWR,M310,2905,984,944,DNMC,FRAM,1987-8,1993-8,1994-2,90.57189926,90.65996338,-,22.59722,114.54444
21,CHINA,CN -3,DAYA BAY-2,PWR,M310,2905,984,944,DNMC,FRAM,1988-4,1994-2,1994-5,90.58904647,90.70578908,-,22.59722,114.54444
22,CHINA,CN -6,LING AO-1,PWR,M310,2905,990,950,DNMC,FRAM,1997-5,2002-2,2002-5,90.61761634,90.98729215,-,22.6047889,114.5514889
23,CHINA,CN -7,LING AO-2,PWR,M310,2905,990,950,DNMC,FRAM,1997-11,2002-9,2003-1,91.51492059,91.86857962,-,22.6047889,114.5514889
24,CHINA,CN -12,LING AO-3,PWR,CPR-1000,2905,1086,1007,DNMC,DEC,2005-12,2010-7,2010-9,87.89539541,88.17158877,-,22.6047889,114.5514889
25,CHINA,CN -13,LING AO-4,PWR,CPR-1000,2905,1086,1007,DNMC,DEC,2006-6,2011-5,2011-8,89.75082611,90.0914123,-,22.6047889,114.5514889
26,BRAZIL,BR -1,ANGRA-1,PWR,WH 2LP,1882,640,609,ELETRONU,WH,1971-5,1982-4,1985-1,84.72602796,84.86226459,-,23.00833,44.45722
27,BRAZIL,BR -2,ANGRA-2,PWR,PRE KONVOI,3764,1350,1275,ELETRONU,KWU,1976-1,2000-7,2001-2,90.70490872,91.34354847,-,23.00833,44.45722
28,INDIA,IN -3,RAJASTHAN-1,PHWR,Horizontal Pre,346,100,90,NPCIL,AECL,1965-8,1972-11,1973-12,-8.26E-14,-8.26E-14,PH,24.87222,75.61389
29,INDIA,IN -4,RAJASTHAN-2,PHWR,Horizontal Pre,693,200,187,NPCIL,AECL/DAE,1968-4,1980-11,1981-4,78.23689054,81.24831753,PH,24.87222,75.61389
30,INDIA,IN -11,RAJASTHAN-3,PHWR,Horizontal Pre,801,220,202,NPCIL,NPCIL,1990-2,2000-3,2000-6,88.35443529,91.68745758,PH,24.87222,75.61389
31,INDIA,IN -12,RAJASTHAN-4,PHWR,Horizontal Pre,801,220,202,NPCIL,NPCIL,1990-10,2000-11,2000-12,91.03706664,93.00221402,PH,24.87222,75.61389
32,INDIA,IN -19,RAJASTHAN-5,PHWR,Horizontal Pre,801,220,202,NPCIL,NPCIL,2002-9,2009-12,2010-2,91.57705481,91.7530314,-,24.87222,75.61389
33,INDIA,IN -20,RAJASTHAN-6,PHWR,Horizontal Pre,801,220,202,NPCIL,NPCIL,2003-1,2010-3,2010-3,79.06281531,79.28740824,-,24.87222,75.61389
34,USA,US -250,TURKEY POINT-3,PWR,WH 3LP (DRYAMB,2644,829,837,FPL,WH,1967-4,1972-11,1972-12,87.29735893,87.43815018,-,25.43417,80.33056
35,USA,US -251,TURKEY POINT-4,PWR,WH 3LP (DRYAMB,2644,829,821,FPL,WH,1967-4,1973-6,1973-9,89.9170259,89.9170259,-,25.43417,80.33056
36,CHINA,CN -20,FUQING-1,PWR,CNP-1000,2905,1089,1000,FQNP,NPIC,2008-11,2014-8,2014-11,87.90236717,88.01735999,-,25.44583,119.44722
37,CHINA,CN -21,FUQING-2,PWR,CNP-1000,2905,1089,1000,FQNP,NPIC,2009-6,2015-8,2015-10,88.41530803,88.56454971,-,25.44583,119.44722
38,CHINA,CN -42,FUQING-3,PWR,CNP-1000,2905,1089,1000,FQNP,NPIC,2010-12,2016-9,2016-10,89.27069132,89.51124423,-,25.44583,119.44722
39,CHINA,CN -43,FUQING-4,PWR,CNP-1000,2905,1089,1000,FQNP,NPIC,2012-11,2017-7,2017-9,86.28271492,86.49640612,-,25.44583,119.44722
40,CHINA,CN -18,NINGDE-1,PWR,CPR-1000,2905,1089,1018,NDNP,DEC,2008-2,2012-12,2013-4,86.80363371,86.91347728,-,27.04444,120.28333
41,CHINA,CN -19,NINGDE-2,PWR,CPR-1000,2905,1089,1018,NDNP,SHE,2008-11,2014-1,2014-5,90.3120751,90.33693149,-,27.04444,120.28333
42,CHINA,CN -34,NINGDE-3,PWR,CPR-1000,2905,1089,1018,NDNP,CFHI,2010-1,2015-3,2015-6,90.37145029,90.38164321,-,27.04444,120.28333
43,CHINA,CN -35,NINGDE-4,PWR,CPR-1000,2905,1089,1018,NDNP,CFHI,2010-9,2016-3,2016-7,92.63310501,92.63310501,-,27.04444,120.28333
44,USA,US -498,SOUTH TEXAS-1,PWR,WH 4LP (DRYAMB,3853,1354,1280,STP,WH,1975-12,1988-3,1988-8,90.89466901,90.89466901,-,28.79556,96.04889
45,USA,US -499,SOUTH TEXAS-2,PWR,WH 4LP (DRYAMB,3853,1354,1280,STP,WH,1975-12,1989-4,1989-6,86.13693291,86.13693291,-,28.79556,96.04889
46,CHINA,CN -28,SANMEN-1,PWR,AP-1000,3400,1251,1157,SMNPC,WH/MHI,2009-4,2018-6,2018-9,92.88916308,93.81349791,-,29.10111,121.64194
47,CHINA,CN -29,SANMEN-2,PWR,AP-1000,3400,1251,1157,SMNPC,WH/MHI,2009-12,2018-8,2018-11,19.85041488,19.85041488,-,29.10111,121.64194
48,USA,US -382,WATERFORD-3,PWR,CE 2LP (DRYAMB,3716,1250,1168,ENTERGY,CE,1974-11,1985-3,1985-9,89.1021586,89.25732295,-,29.99528,90.47111
49,CHINA,CN -1,QINSHAN-1,PWR,CNP-300,966,330,298,CNNO,CNNC,1985-3,1991-12,1994-4,87.11595437,87.22753337,-,30.43306,120.95
50,CHINA,CN -24,FANGJIASHAN-1,PWR,CPR-1000,2905,1089,1012,QNPC,NPIC,2008-12,2014-11,2014-12,90.87444822,91.35153726,-,30.441342,120.941758
51,CHINA,CN -25,FANGJIASHAN-2,PWR,CPR-1000,2905,1089,1012,QNPC,NPIC,2009-7,2015-1,2015-2,90.76793538,91.11603304,-,30.441342,120.941758
52,JAPAN,JP -28,SENDAI-1,PWR,M (3-loop),2660,890,846,KYUSHU,MHI,1979-12,1983-9,1984-7,46.10695495,46.10695495,-,31.83361,130.18972
53,JAPAN,JP -37,SENDAI-2,PWR,M (3-loop),2660,890,846,KYUSHU,MHI,1981-10,1985-4,1985-11,48.32668305,48.32668305,-,31.83361,130.18972
54,USA,US -416,GRAND GULF-1,BWR,BWR-6 (Mark 3),4408,1500,1401,ENTERGY,GE,1974-5,1984-10,1985-7,80.04800406,80.24706307,-,32.00722,91.04778
55,USA,US -445,COMANCHE PEAK-1,PWR,WH 4LP (DRYAMB,3612,1259,1205,LUMINANT,WH,1974-12,1990-4,1990-8,93.33736192,93.33736192,-,32.29833,97.785
56,USA,US -446,COMANCHE PEAK-2,PWR,WH 4LP (DRYAMB,3612,1250,1195,LUMINANT,WH,1974-12,1993-4,1993-8,92.23345011,92.23345011,-,32.29833,97.785
57,USA,US -424,VOGTLE-1,PWR,WH 4LP (DRYAMB,3626,1229,1150,SOUTHERN,WH,1976-8,1987-3,1987-6,94.7052676,94.7052676,-,33.14333,81.76056
58,USA,US -425,VOGTLE-2,PWR,WH 4LP (DRYAMB,3626,1229,1152,SOUTHERN,WH,1976-8,1989-4,1989-5,94.45445949,94.45445949,-,33.14333,81.76056
59,USA,US -528,PALO VERDE-1,PWR,CE80 2LP (DRYA,3990,1414,1311,APS,CE,1976-5,1985-6,1986-1,91.88920414,91.88920414,-,33.38917,112.865
60,USA,US -529,PALO VERDE-2,PWR,CE80 2LP (DRYA,3990,1414,1314,APS,CE,1976-6,1986-5,1986-9,93.09346465,93.09346465,-,33.38917,112.865
61,USA,US -530,PALO VERDE-3,PWR,CE80 2LP (DRYA,3990,1414,1312,APS,CE,1976-6,1987-11,1988-1,92.19179001,92.19179001,-,33.38917,112.865
62,JAPAN,JP -45,GENKAI-3,PWR,M (4-loop),3423,1180,1127,KYUSHU,MHI,1988-6,1993-6,1994-3,24.5049499,24.5049499,DS,33.51556,129.83722
63,JAPAN,JP -46,GENKAI-4,PWR,M (4-loop),3423,1180,1127,KYUSHU,MHI,1992-7,1996-11,1997-7,30.63241208,30.63241208,DS,33.51556,129.83722
64,SOUTH AFRICA,ZA -1,KOEBERG-1,PWR,CP1,2775,970,930,ESKOM,FRAM,1976-7,1984-4,1984-7,79.05768393,79.23022987,-,33.676444,18.4320472
65,SOUTH AFRICA,ZA -2,KOEBERG-2,PWR,CP1,2775,970,930,ESKOM,FRAM,1976-7,1985-7,1985-11,84.63366658,85.92586318,-,33.676444,18.4320472
66,USA,US -325,BRUNSWICK-1,BWR,BWR-4 (Mark 1),2923,990,938,PROGRESS,GE,1970-2,1976-12,1977-3,91.43751834,91.78258788,-,33.95833,78.01028
67,USA,US -324,BRUNSWICK-2,BWR,BWR-4 (Mark 1),2923,960,932,PROGRESS,GE,1970-2,1975-4,1975-11,92.13512339,92.37490376,-,33.95833,78.01028
68,ARGENTINA,AR -1,ATUCHA-1,PHWR,PHWR KWU,1179,362,340,NASA,SIEMENS,1968-6,1974-3,1974-6,81.59850229,81.78835291,-,33.96722,59.2075
69,ARGENTINA,AR -3,ATUCHA-2,PHWR,PHWR KWU,2160,745,693,NASA,SIEMENS,1981-7,2014-6,2016-5,56.76132832,56.76132832,-,33.96722,59.2075
70,JAPAN,JP -36,HAMAOKA-3,BWR,BWR-5,3293,1100,1056,CHUBU,TOSHIBA,1983-4,1987-1,1987-8,9.092563219,9.092739329,-,34.62361,138.1425
71,JAPAN,JP -49,HAMAOKA-4,BWR,BWR-5,3293,1137,1092,CHUBU,TOSHIBA,1989-10,1993-1,1993-9,10.42713562,10.43171186,-,34.62361,138.1425
72,JAPAN,JP -60,HAMAOKA-5,BWR,ABWR,3926,1380,1325,CHUBU,TOSHIBA,2000-7,2004-4,2005-1,2.914807283,4.760305716,-,34.62361,138.1425
73,CHINA,CN -10,TIANWAN-1,PWR,VVER V-428,3000,1060,990,JNPC,IZ,1999-10,2006-5,2007-5,89.27498354,89.44407564,-,34.68694,119.45972
74,CHINA,CN -11,TIANWAN-2,PWR,VVER V-428,3000,1060,990,JNPC,IZ,2000-9,2007-5,2007-8,89.50557046,89.6745712,-,34.68694,119.45972
75,CHINA,CN -45,TIANWAN-3,PWR,VVER V-428M,3000,1126,1045,JNPC,IZ,2012-12,2017-12,2018-2,85.82825944,86.15864889,-,34.68694,119.45972
76,CHINA,CN -46,TIANWAN-4,PWR,VVER V-428M,3000,1126,1045,JNPC,IZ,2013-9,2018-10,2018-12,84.62682594,84.71421752,-,34.68694,119.45972
77,USA,US -259,BROWNS FERRY-1,BWR,BWR-4 (Mark 1),3458,1256,1200,TVA,GE,1967-5,1973-10,1974-8,93.49562,94.11701083,-,34.70389,87.11861
78,USA,US -260,BROWNS FERRY-2,BWR,BWR-4 (Mark 1),3458,1259,1200,TVA,GE,1967-5,1974-8,1975-3,92.59938897,93.35197965,-,34.70389,87.11861
79,USA,US -296,BROWNS FERRY-3,BWR,BWR-4 (Mark 1),3458,1260,1210,TVA,GE,1968-7,1976-9,1977-3,91.57817197,92.50605062,-,34.70389,87.11861
80,USA,US -269,OCONEE-1,PWR,B&W LLP (DRYAM,2568,891,847,DUKEENER,B&W,1967-11,1973-5,1973-7,92.81532806,92.81532806,-,34.79389,82.89806
81,USA,US -270,OCONEE-2,PWR,B&W LLP (DRYAM,2568,891,848,DUKEENER,B&W,1967-11,1973-12,1974-9,94.1060858,94.1060858,-,34.79389,82.89806
82,USA,US -287,OCONEE-3,PWR,B&W LLP (DRYAM,2568,900,859,DUKEENER,B&W,1967-11,1974-9,1974-12,95.05784661,95.05784661,-,34.79389,82.89806
83,USA,US -413,CATAWBA-1,PWR,WH 4LP (ICECND,3411,1188,1160,DUKEENER,WH,1974-5,1985-1,1985-6,93.76694793,93.76694793,-,35.0517,81.07
84,USA,US -414,CATAWBA-2,PWR,WH 4LP (ICECND,3411,1188,1150,DUKEENER,WH,1974-5,1986-5,1986-8,93.76578749,93.76578749,-,35.0517,81.07
85,USA,US -275,DIABLO CANYON-1,PWR,WH 4LP (DRYAMB,3411,1197,1138,PG&E,WH,1968-4,1984-11,1985-5,92.1800617,92.1800617,-,35.21083,120.85611
86,USA,US -323,DIABLO CANYON-2,PWR,WH 4LP (DRYAMB,3411,1197,1118,PG&E,WH,1970-12,1985-10,1986-3,91.73851436,91.81538916,-,35.21083,120.85611
87,USA,US -327,SEQUOYAH-1,PWR,WH 4LP (ICECND,3455,1221,1152,TVA,WH,1970-5,1980-7,1981-7,89.50853764,89.66142016,-,35.22639,85.09167
88,USA,US -328,SEQUOYAH-2,PWR,WH 4LP (ICECND,3455,1200,1139,TVA,WH,1970-5,1981-12,1982-6,92.04134465,92.04134465,-,35.22639,85.09167
89,USA,US -313,ANO-1,PWR,B&W LLP (DRYAM,2568,903,836,ENTERGY,B&W,1968-10,1974-8,1974-12,86.9180286,87.50774113,-,35.31028,93.23139
90,USA,US -368,ANO-2,PWR,CE 2LP (DRYAMB,3026,1065,988,ENTERGY,CE,1968-12,1978-12,1980-3,85.92604679,85.92604679,-,35.31028,93.23139
91,"KOREA, REP. OF",KR -2,KORI-2,PWR,WH F,1882,681,640,KHNP,WH,1977-12,1983-4,1983-7,83.64306742,84.61659193,-,35.319904,129.290053
92,"KOREA, REP. OF",KR -5,KORI-3,PWR,WH F,2912,1045,1011,KHNP,WH,1979-10,1985-1,1985-9,76.76088996,76.85329753,-,35.319904,129.290053
93,"KOREA, REP. OF",KR -6,KORI-4,PWR,WH F,2912,1045,1012,KHNP,WH,1980-4,1985-12,1986-4,77.7401601,77.82556624,-,35.319904,129.290053
94,"KOREA, REP. OF",KR -7,HANBIT-1,PWR,WH F,2787,1028,995,KHNP,WH,1981-6,1986-3,1986-8,76.92534843,77.3941709,-,35.415,126.42389
95,"KOREA, REP. OF",KR -8,HANBIT-2,PWR,WH F,2787,1025,988,KHNP,WH,1981-12,1986-11,1987-6,77.1323107,77.42342585,-,35.415,126.42389
96,"KOREA, REP. OF",KR -11,HANBIT-3,PWR,OPR-1000,2825,1037,986,KHNP,DHICKAEC,1989-12,1994-10,1995-3,66.57805634,66.86821492,-,35.415,126.42389
97,"KOREA, REP. OF",KR -12,HANBIT-4,PWR,OPR-1000,2825,1022,970,KHNP,DHICKAEC,1990-5,1995-7,1996-1,64.52898977,64.88636343,-,35.415,126.42389
98,"KOREA, REP. OF",KR -17,HANBIT-5,PWR,OPR-1000,2825,1049,992,KHNP,DHICKOPC,1997-6,2001-12,2002-5,87.36142275,87.69089603,-,35.415,126.42389
99,"KOREA, REP. OF",KR -18,HANBIT-6,PWR,OPR-1000,2825,1051,993,KHNP,DHICKOPC,1997-11,2002-9,2002-12,84.10074131,84.37922294,-,35.415,126.42389
100,USA,US -369,MCGUIRE-1,PWR,WH 4LP (ICECND,3411,1215,1158,DUKEENER,WH,1971-4,1981-9,1981-12,92.56221797,92.56221797,-,35.4325,80.94833
101,USA,US -370,MCGUIRE-2,PWR,WH 4LP (ICECND,3411,1215,1158,DUKEENER,WH,1971-4,1983-5,1984-3,93.23856024,93.23856024,-,35.4325,80.94833
102,JAPAN,JP -8,TAKAHAMA-1,PWR,M (3-loop),2440,826,780,KEPCO,WH/MHI,1970-4,1974-3,1974-11,10.246531,10.246531,-,35.5219917,135.5039556
103,JAPAN,JP -13,TAKAHAMA-2,PWR,M (3-loop),2440,826,780,KEPCO,MHI,1971-3,1975-1,1975-11,15.82591877,15.82591877,-,35.5219917,135.5039556
104,JAPAN,JP -29,TAKAHAMA-3,PWR,M (3-loop),2660,870,830,KEPCO,MHI,1980-12,1984-5,1985-1,50.71485284,50.71485284,DS,35.5219917,135.5039556
105,JAPAN,JP -30,TAKAHAMA-4,PWR,M (3-loop),2660,870,830,KEPCO,MHI,1981-3,1984-11,1985-6,43.18284089,43.18284089,DS,35.5219917,135.5039556
106,USA,US -390,WATTS BAR-1,PWR,WH 4LP (ICECND,3459,1210,1157,TVA,WH,1973-7,1996-2,1996-5,90.15155674,90.20899644,-,35.60278,84.78944
107,USA,US -391,WATTS BAR-2,PWR,WH 4LP (ICECND,3411,1218,1164,TVA,WH,1973-9,2016-6,2016-10,79.77857281,79.77857281,-,35.60278,84.78944
108,JAPAN,JP -34,TSURUGA-2,PWR,M (4-loop),3411,1160,1108,JAPCO,MHI,1982-11,1986-6,1987-2,9.625159647,9.625159647,-,35.75194,136.01889
109,JAPAN,JP -21,TOKAI-2,BWR,BWR-5,3293,1100,1060,JAPCO,GE,1973-10,1978-3,1978-11,7.293125116,9.22055611,-,36.466389,140.606667
110,CHINA,CN -30,HAIYANG-1,PWR,AP-1000,3415,1250,1170,SDNPC,WH,2009-9,2018-8,2018-10,96.13201467,96.93254434,-,36.7083,121.383
111,CHINA,CN -31,HAIYANG-2,PWR,AP-1000,3415,1250,1170,SDNPC,WH,2010-6,2018-10,2019-1,97.37662452,98.42821879,-,36.7083,121.383
112,JAPAN,JP -48,SHIKA-1,BWR,BWR-5,1593,540,505,HOKURIKU,HITACHI,1989-7,1993-1,1993-7,8.714748734,8.714839104,-,37.06111,136.72639
113,JAPAN,JP -59,SHIKA-2,BWR,ABWR,3926,1206,1108,HOKURIKU,HITACHI,2001-8,2005-7,2006-3,10.54743671,10.54787949,-,37.06111,136.72639
114,"KOREA, REP. OF",KR -9,HANUL-1,PWR,France CPI,2775,1008,966,KHNP,FRAM,1983-1,1988-4,1988-9,83.70676158,83.8791218,-,37.09278,129.38361
115,"KOREA, REP. OF",KR -10,HANUL-2,PWR,France CPI,2775,1010,967,KHNP,FRAM,1983-7,1989-4,1989-9,85.31163192,85.45920255,-,37.09278,129.38361
116,"KOREA, REP. OF",KR -13,HANUL-3,PWR,OPR-1000,2825,1049,997,KHNP,DHICKOPC,1993-7,1998-1,1998-8,78.73521548,78.93080905,-,37.09278,129.38361
117,"KOREA, REP. OF",KR -14,HANUL-4,PWR,OPR-1000,2825,1053,999,KHNP,DHICKOPC,1993-11,1998-12,1999-12,70.60200613,70.73196285,-,37.09278,129.38361
118,"KOREA, REP. OF",KR -19,HANUL-5,PWR,OPR-1000,2825,1048,998,KHNP,DHICKOPC,1999-10,2003-12,2004-7,86.80000251,87.06647519,-,37.09278,129.38361
119,"KOREA, REP. OF",KR -20,HANUL-6,PWR,OPR-1000,2825,1048,997,KHNP,DHICKOPC,2000-9,2005-1,2005-4,87.3243279,87.49249532,-,37.09278,129.38361
120,USA,US -280,SURRY-1,PWR,WH 3LP (DRYSUB,2587,890,838,DOMINION,WH,1968-6,1972-7,1972-12,91.54393977,91.73781877,-,37.16556,76.69778
121,USA,US -281,SURRY-2,PWR,WH 3LP (DRYSUB,2587,890,838,DOMINION,WH,1968-6,1973-3,1973-5,92.0257205,92.0257205,-,37.16556,76.69778
122,USA,US -338,NORTH ANNA-1,PWR,WH 3LP (DRYSUB,2940,990,948,DOMINION,WH,1971-2,1978-4,1978-6,90.41042662,92.62035019,-,38.06056,77.78944
123,USA,US -339,NORTH ANNA-2,PWR,WH 3LP (DRYSUB,2940,1011,944,DOMINION,WH,1971-2,1980-8,1980-12,89.93699586,92.46143362,-,38.06056,77.78944
124,USA,US -482,WOLF CREEK,PWR,WH 4LP (DRYAMB,3565,1285,1200,WCNOC,WH,1977-5,1985-6,1985-9,83.30943572,83.30943572,-,38.23889,95.68889
125,JAPAN,JP -54,ONAGAWA-2,BWR,BWR-5,2436,825,796,TOHOKU,TOSHIBA,1991-4,1994-12,1995-7,8.435347431,13.14974379,-,38.40111,141.49972
126,JAPAN,JP -57,ONAGAWA-3,BWR,BWR-5,2436,825,796,TOHOKU,TOSHIBA,1998-1,2001-5,2002-1,9.253848136,14.24793366,-,38.40111,141.49972
127,USA,US -317,CALVERT CLIFFS-1,PWR,CE 2LP (DRYAMB,2737,918,877,EXELON,CE,1968-6,1975-1,1975-5,94.19535764,94.33723775,-,38.43194,76.44222
128,USA,US -318,CALVERT CLIFFS-2,PWR,CE 2LP (DRYAMB,2737,911,855,EXELON,CE,1968-6,1976-12,1977-4,95.24467481,95.30149438,-,38.43194,76.44222
129,USA,US -483,CALLAWAY-1,PWR,WH 4LP (DRYAMB,3565,1275,1215,AmerenUE,WH,1975-9,1984-10,1984-12,89.5682159,89.5682159,-,38.76167,91.78
130,SPAIN,ES -10,COFRENTES,BWR,BWR-6 (Mark 3),3237,1102,1064,ID,GE,1975-9,1984-10,1985-3,89.67937534,90.79710863,-,39.21667,1.05
131,USA,US -272,SALEM-1,PWR,WH 4LP (DRYAMB,3459,1254,1169,PSEG,WH,1968-9,1976-12,1977-6,89.00409245,89.17337394,-,39.46278,75.53556
132,USA,US -311,SALEM-2,PWR,WH 4LP (DRYAMB,3459,1200,1158,PSEG,WH,1968-9,1981-6,1981-10,90.2126201,90.25093201,-,39.46278,75.53556
133,USA,US -354,HOPE CREEK-1,BWR,BWR-4 (Mark 1),3840,1240,1172,PSEG,GE,1976-3,1986-8,1986-12,93.32229233,93.32229233,-,39.46778,75.53806
134,USA,US -277,PEACH BOTTOM-2,BWR,BWR-4 (Mark 1),3951,1412,1300,EXELON,GE,1968-1,1974-2,1974-7,96.12996808,96.12996808,-,39.75833,76.26806
135,USA,US -278,PEACH BOTTOM-3,BWR,BWR-4 (Mark 1),3951,1412,1331,EXELON,GE,1968-1,1974-9,1974-12,95.62784371,95.62784371,-,39.75833,76.26806
136,CHINA,CN -16,HONGYANHE-1,PWR,CPR-1000,2905,1119,1061,LHNPC,DEC,2007-8,2013-2,2013-6,87.39252927,88.245902,-,39.79583,121.48056
137,CHINA,CN -17,HONGYANHE-2,PWR,CPR-1000,2905,1119,1061,LHNPC,DEC,2008-3,2013-11,2014-5,84.89457589,85.88508475,-,39.79583,121.48056
138,CHINA,CN -26,HONGYANHE-3,PWR,CPR-1000,2905,1119,1061,LHNPC,DEC,2009-3,2015-3,2015-8,88.01625328,89.25637496,-,39.79583,121.48056
139,CHINA,CN -27,HONGYANHE-4,PWR,CPR-1000,2905,1119,1061,LHNPC,DEC,2009-8,2016-4,2016-6,88.62394606,89.69287651,-,39.79583,121.48056
140,SPAIN,ES -6,ALMARAZ-1,PWR,WH 3LP,2947,1049,1011,CNAT,WH,1973-7,1981-5,1983-9,88.21677836,89.50197992,-,39.80806,5.69694
141,SPAIN,ES -7,ALMARAZ-2,PWR,WH 3LP,2947,1044,1006,CNAT,WH,1973-7,1983-10,1984-7,88.15527434,89.25206612,-,39.80806,5.69694
142,USA,US -461,CLINTON-1,BWR,BWR-6 (Mark 3),3473,1098,1062,EXELON,GE,1975-10,1987-4,1987-11,93.70064696,93.70064696,-,40.17222,88.835
143,USA,US -352,LIMERICK-1,BWR,BWR-4 (Mark 2),3515,1194,1134,EXELON,GE,1974-6,1985-4,1986-2,95.22771819,95.22771819,-,40.22667,75.58722
144,USA,US -353,LIMERICK-2,BWR,BWR-4 (Mark 2),3515,1194,1134,EXELON,GE,1974-6,1989-9,1990-1,94.69563746,94.69563746,-,40.22667,75.58722
145,USA,US -334,BEAVER VALLEY-1,PWR,WH 3LP (DRYSUB,2900,959,908,FENOC,WH,1970-6,1976-6,1976-10,93.09818229,93.09818229,-,40.62333,80.43056
146,USA,US -412,BEAVER VALLEY-2,PWR,WH 3LP (DRYSUB,2900,958,905,FENOC,WH,1974-5,1987-8,1987-11,93.929357,93.929357,-,40.62333,80.43056
147,SPAIN,ES -11,TRILLO-1,PWR,PWR 3 loops,3010,1066,1003,CNAT,KWU,1979-8,1988-5,1988-8,89.22287423,90.25152887,-,40.70111,2.62194
148,SPAIN,ES -16,VANDELLOS-2,PWR,WH 3LP,2941,1087,1045,ANAV,WH,1980-12,1987-12,1988-3,83.47542524,84.72960972,-,40.951389,0.866667
149,USA,US -387,SUSQUEHANNA-1,BWR,BWR-4 (Mark 2),3952,1330,1257,PPL_SUSQ,GE,1973-11,1982-11,1983-6,87.92841858,87.92841858,-,41.08889,76.14889
150,USA,US -388,SUSQUEHANNA-2,BWR,BWR-4 (Mark 2),3952,1330,1257,PPL_SUSQ,GE,1973-11,1984-7,1985-2,89.9799912,89.9799912,-,41.08889,76.14889
151,SPAIN,ES -8,ASCO-1,PWR,WH 3LP,2954,1033,995,ANAV,WH,1974-5,1983-8,1984-12,88.51001918,89.39651399,-,41.2,0.569444
152,SPAIN,ES -9,ASCO-2,PWR,WH 3LP,2941,1035,997,ANAV,WH,1975-3,1985-10,1986-3,87.12213104,88.46150193,-,41.2,0.569444
153,USA,US -456,BRAIDWOOD-1,PWR,WH 4LP (DRYAMB,3645,1270,1194,EXELON,WH,1975-8,1987-7,1988-7,94.94429889,94.94429889,-,41.24361,88.22917
154,USA,US -457,BRAIDWOOD-2,PWR,WH 4LP (DRYAMB,3645,1230,1160,EXELON,WH,1975-8,1988-5,1988-10,95.81877065,95.81877065,-,41.24361,88.22917
155,USA,US -373,LASALLE-1,BWR,BWR-5 (Mark 2),3546,1207,1137,EXELON,GE,1973-9,1982-9,1984-1,95.6775997,95.6775997,-,41.24556,88.66917
156,USA,US -374,LASALLE-2,BWR,BWR-5 (Mark 2),3546,1207,1140,EXELON,GE,1973-9,1984-4,1984-10,95.54719778,95.54719778,-,41.24556,88.66917
157,USA,US -247,INDIAN POINT-2,PWR,WH 4LP (DRYAMB,3216,1067,998,ENTERGY,WH,1966-10,1973-6,1974-8,91.41421316,91.41421316,-,41.26972,73.95222
158,USA,US -286,INDIAN POINT-3,PWR,WH 4LP (DRYAMB,3216,1085,1030,ENTERGY,WH,1968-11,1976-4,1976-8,92.57906456,92.66250366,-,41.26972,73.95222
159,USA,US -336,MILLSTONE-2,PWR,CE 2LP (DRYAMB,2700,918,869,DOMINION,CE,1969-11,1975-11,1975-12,91.59930969,91.66594222,-,41.3119,72.1686
160,USA,US -423,MILLSTONE-3,PWR,WH 4LP (DRYSUB,3650,1280,1210,DOMINION,WH,1974-8,1986-2,1986-4,92.08325438,92.08325438,-,41.3119,72.1686
161,USA,US -237,DRESDEN-2,BWR,BWR-3 (Mark 1),2957,950,894,EXELON,GE,1966-1,1970-4,1970-6,96.07908714,96.07908714,-,41.38972,88.26806
162,USA,US -249,DRESDEN-3,BWR,BWR-3 (Mark 1),2957,935,879,EXELON,GE,1966-10,1971-7,1971-11,96.80392896,96.80392896,-,41.38972,88.26806
163,USA,US -254,QUAD CITIES-1,BWR,BWR-3 (Mark 1),2957,940,908,EXELON,GE,1967-2,1972-4,1973-2,96.23091148,96.23091148,-,41.72639,90.31
164,USA,US -265,QUAD CITIES-2,BWR,BWR-3 (Mark 1),2957,940,911,EXELON,GE,1967-2,1972-5,1973-3,95.82712264,95.82712264,-,41.72639,90.31
165,USA,US -440,PERRY-1,BWR,BWR-6 (Mark 3),3758,1303,1240,FENOC,GE,1974-10,1986-12,1987-11,91.78558897,91.78558897,-,41.80083,81.14333
166,USA,US -341,FERMI-2,BWR,BWR-4 (Mark 1),3486,1198,1115,DTEDISON,GE,1972-9,1986-9,1988-1,86.18755989,86.18755989,-,41.96278,83.2575
167,USA,US -454,BYRON-1,PWR,WH 4LP (DRYAMB,3645,1242,1164,EXELON,WH,1975-4,1985-3,1985-9,95.5865847,95.76245665,-,42.07417,89.28194
168,USA,US -455,BYRON-2,PWR,WH 4LP (DRYAMB,3645,1210,1136,EXELON,WH,1975-4,1987-2,1987-8,95.29441334,95.29441334,-,42.07417,89.28194
169,USA,US -443,SEABROOK-1,PWR,WH 4LP (DRYAMB,3648,1296,1246,NEXTERA,WH,1976-7,1990-5,1990-8,93.12155711,93.12155711,-,42.89889,70.85083
170,JAPAN,JP -43,TOMARI-1,PWR,M (2-loop),1650,579,550,HEPCO,MHI,1985-4,1988-12,1989-6,11.15790849,11.15821136,-,43.03611,140.5125
171,JAPAN,JP -44,TOMARI-2,PWR,M (2-loop),1650,579,550,HEPCO,MHI,1985-6,1990-8,1991-4,14.69417546,14.69440572,-,43.03611,140.5125
172,JAPAN,JP -64,TOMARI-3,PWR,M (3-loop),2660,912,866,HEPCO,MHI,2004-11,2009-3,2009-12,21.72215921,21.72278633,-,43.03611,140.5125
173,USA,US -220,NINE MILE POINT-1,BWR,BWR-2 (Mark 1),1850,642,613,EXELON,GE,1965-4,1969-11,1969-12,93.98346349,93.98346349,-,43.52083,76.40694
174,USA,US -410,NINE MILE POINT-2,BWR,BWR-5 (Mark 2),3988,1320,1277,EXELON,GE,1975-8,1987-8,1988-3,93.67305618,93.67305618,-,43.52083,76.40694
175,BULGARIA,BG -5,KOZLODUY-5,PWR,VVER V-320,3000,1000,1003,KOZNPP,AEE,1980-7,1987-11,1988-12,88.01646724,88.40039585,DH,43.74611,23.77056
176,BULGARIA,BG -6,KOZLODUY-6,PWR,VVER V-320,3120,1040,1003,KOZNPP,AEE,1982-4,1991-8,1993-12,87.58338553,88.31707466,DH,43.74611,23.77056
177,CANADA,CA -4,PICKERING-1,PHWR,CANDU 500A,1744,542,515,OPG,OH/AECL,1966-6,1971-4,1971-7,72.88604551,73.37044338,-,43.81167,79.06583
178,CANADA,CA -7,PICKERING-4,PHWR,CANDU 500A,1744,542,515,OPG,OH/AECL,1968-5,1973-5,1973-6,74.44887892,74.84822786,-,43.81167,79.06583
179,CANADA,CA -13,PICKERING-5,PHWR,CANDU 500B,1744,540,516,OPG,OH/AECL,1974-11,1982-12,1983-5,76.37768746,77.43762665,-,43.81167,79.06583
180,CANADA,CA -14,PICKERING-6,PHWR,CANDU 500B,1744,540,516,OPG,OH/AECL,1975-10,1983-11,1984-2,81.82313026,82.74258282,-,43.81167,79.06583
181,CANADA,CA -15,PICKERING-7,PHWR,CANDU 500B,1744,540,516,OPG,OH/AECL,1976-3,1984-11,1985-1,78.52922437,79.06805163,-,43.81167,79.06583
182,CANADA,CA -16,PICKERING-8,PHWR,CANDU 500B,1744,540,516,OPG,OH/AECL,1976-9,1986-1,1986-2,74.52885671,75.03753563,-,43.81167,79.06583
183,CANADA,CA -22,DARLINGTON-1,PHWR,CANDU 850,2776,934,878,OPG,OH/AECL,1982-4,1990-12,1992-11,86.98293937,87.90827396,-,43.87278,78.71972
184,CANADA,CA -23,DARLINGTON-2,PHWR,CANDU 850,2776,934,878,OPG,OH/AECL,1981-9,1990-1,1990-10,59.31520267,59.96765458,-,43.87278,78.71972
185,CANADA,CA -24,DARLINGTON-3,PHWR,CANDU 850,2776,934,878,OPG,OH/AECL,1984-9,1992-12,1993-2,88.52080511,89.32665847,-,43.87278,78.71972
186,CANADA,CA -25,DARLINGTON-4,PHWR,CANDU 850,2776,934,878,OPG,OH/AECL,1985-7,1993-4,1993-6,85.1788288,85.85066477,-,43.87278,78.71972
187,FRANCE,FR -61,GOLFECH-1,PWR,P4 REP 1300,3817,1363,1310,EDF,FRAM,1982-11,1990-6,1991-2,83.92852998,86.99090864,-,44.10667,0.84528
188,FRANCE,FR -68,GOLFECH-2,PWR,P4 REP 1300,3817,1363,1310,EDF,FRAM,1984-10,1993-6,1994-3,82.47619235,83.70924951,-,44.10667,0.84528
189,USA,US -266,POINT BEACH-1,PWR,WH 2LP (DRYAMB,1800,640,591,NEXTERA,WH,1967-7,1970-11,1970-12,92.98501363,92.98501363,-,44.28111,87.53667
190,USA,US -301,POINT BEACH-2,PWR,WH 2LP (DRYAMB,1800,640,591,NEXTERA,WH,1968-7,1972-8,1972-10,93.03923325,93.03923325,-,44.28111,87.53667
191,ROMANIA,RO -1,CERNAVODA-1,PHWR,CANDU 6,2180,706,650,SNN,AECL,1982-7,1996-7,1996-12,91.91427099,93.03560167,DH,44.322222,28.057222
192,ROMANIA,RO -2,CERNAVODA-2,PHWR,CANDU 6,2180,705,650,SNN,AECL,1983-7,2007-8,2007-11,93.81662647,94.60824452,DH,44.322222,28.057222
193,CANADA,CA -8,BRUCE-1,PHWR,CANDU 791,2620,830,760,BRUCEPOW,OH/AECL,1971-6,1977-1,1977-9,87.51577016,87.54865556,-,44.32528,81.59944
194,CANADA,CA -9,BRUCE-2,PHWR,CANDU 791,2620,830,760,BRUCEPOW,OH/AECL,1970-12,1976-9,1977-9,87.43871584,87.46208072,-,44.32528,81.59944
195,CANADA,CA -10,BRUCE-3,PHWR,CANDU 750A,2550,830,750,BRUCEPOW,OH/AECL,1972-7,1977-12,1978-2,76.09458198,76.26051987,-,44.32528,81.59944
196,CANADA,CA -11,BRUCE-4,PHWR,CANDU 750A,2550,830,750,BRUCEPOW,OH/AECL,1972-9,1978-12,1979-1,82.31375991,82.40664095,-,44.32528,81.59944
197,CANADA,CA -18,BRUCE-5,PHWR,CANDU 750B,2832,872,817,BRUCEPOW,OH/AECL,1978-6,1984-12,1985-3,88.52549592,88.7226444,-,44.32528,81.59944
198,CANADA,CA -19,BRUCE-6,PHWR,CANDU 750B,2690,891,817,BRUCEPOW,OH/AECL,1978-1,1984-6,1984-9,89.38501486,89.58217263,-,44.32528,81.59944
199,CANADA,CA -20,BRUCE-7,PHWR,CANDU 750B,2832,872,817,BRUCEPOW,OH/AECL,1979-5,1986-2,1986-4,88.11081817,88.22423933,-,44.32528,81.59944
200,CANADA,CA -21,BRUCE-8,PHWR,CANDU 750B,2690,872,817,BRUCEPOW,OH/AECL,1979-8,1987-3,1987-5,88.42315698,88.50884971,-,44.32528,81.59944
201,FRANCE,FR -18,TRICASTIN-1,PWR,CP1,2785,955,915,EDF,FRAM,1974-11,1980-5,1980-12,69.57769249,72.52056608,-,44.32972,4.73222
202,FRANCE,FR -19,TRICASTIN-2,PWR,CP1,2785,955,915,EDF,FRAM,1974-12,1980-8,1980-12,71.87185822,78.00880719,-,44.32972,4.73222
203,FRANCE,FR -25,TRICASTIN-3,PWR,CP1,2785,955,915,EDF,FRAM,1975-4,1981-2,1981-5,71.96960641,78.34491749,-,44.32972,4.73222
204,FRANCE,FR -26,TRICASTIN-4,PWR,CP1,2785,955,915,EDF,FRAM,1975-5,1981-6,1981-11,77.3356215,79.4174141,-,44.32972,4.73222
205,USA,US -282,PRAIRIE ISLAND-1,PWR,WH 2LP (DRYAMB,1677,566,522,NSP,WH,1968-6,1973-12,1973-12,91.54730675,91.54730675,-,44.62167,92.63306
206,USA,US -306,PRAIRIE ISLAND-2,PWR,WH 2LP (DRYAMB,1677,560,519,NSP,WH,1969-6,1974-12,1974-12,86.97961095,86.97961095,-,44.62167,92.63306
207,FRANCE,FR -42,CRUAS-1,PWR,CP2,2785,956,915,EDF,FRAM,1978-8,1983-4,1984-4,71.66657745,73.84940264,-,44.63306,4.75667
208,FRANCE,FR -43,CRUAS-2,PWR,CP2,2785,956,915,EDF,FRAM,1978-11,1984-9,1985-4,75.0277587,79.01088173,-,44.63306,4.75667
209,FRANCE,FR -44,CRUAS-3,PWR,CP2,2785,956,915,EDF,FRAM,1979-4,1984-5,1984-9,73.07658654,78.54164851,-,44.63306,4.75667
210,FRANCE,FR -45,CRUAS-4,PWR,CP2,2785,956,915,EDF,FRAM,1979-10,1984-10,1985-2,70.71886815,73.38312942,-,44.63306,4.75667
211,FRANCE,FR -32,BLAYAIS-1,PWR,CP1,2785,951,910,EDF,FRAM,1977-1,1981-6,1981-12,78.23102555,81.4068682,-,45.25583,0.69306
212,FRANCE,FR -33,BLAYAIS-2,PWR,CP1,2785,951,910,EDF,FRAM,1977-1,1982-7,1983-2,80.56111063,82.09424644,-,45.25583,0.69306
213,FRANCE,FR -34,BLAYAIS-3,PWR,CP1,2785,951,910,EDF,FRAM,1978-4,1983-8,1983-11,75.42521537,76.48121059,-,45.25583,0.69306
214,FRANCE,FR -35,BLAYAIS-4,PWR,CP1,2785,951,910,EDF,FRAM,1978-4,1983-5,1983-10,76.98205765,79.15915738,-,45.25583,0.69306
215,FRANCE,FR -13,BUGEY-2,PWR,CP0,2785,945,910,EDF,FRAM,1972-11,1978-5,1979-3,75.24594123,77.97033659,-,45.79833,5.27083
216,FRANCE,FR -14,BUGEY-3,PWR,CP0,2785,945,910,EDF,FRAM,1973-9,1978-9,1979-3,70.89727269,74.97726859,-,45.79833,5.27083
217,FRANCE,FR -15,BUGEY-4,PWR,CP0,2785,917,880,EDF,FRAM,1974-6,1979-3,1979-7,80.45676296,81.57955012,-,45.79833,5.27083
218,FRANCE,FR -16,BUGEY-5,PWR,CP0,2785,917,880,EDF,FRAM,1974-7,1979-7,1980-1,63.08298836,64.87397032,-,45.79833,5.27083
219,FRANCE,FR -72,CIVAUX-1,PWR,N4 REP 1450,4270,1561,1495,EDF,FRAM,1988-10,1997-12,2002-1,77.47218506,80.30395403,-,46.45667,0.65278
220,FRANCE,FR -73,CIVAUX-2,PWR,N4 REP 1450,4270,1561,1495,EDF,FRAM,1991-4,1999-12,2002-4,75.71355401,81.07869542,-,46.45667,0.65278
221,USA,US -397,COLUMBIA,BWR,BWR-5 (Mark 2),3486,1190,1131,ENERGYNW,GE,1972-8,1984-5,1984-12,89.24976301,89.52226649,-,46.47111,119.33389
222,HUNGARY,HU -1,PAKS-1,PWR,VVER V-213,1485,500,479,PAKS Zrt,AEE,1974-8,1982-12,1983-8,89.10889065,89.37469599,-,46.5725,18.85417
223,HUNGARY,HU -2,PAKS-2,PWR,VVER V-213,1485,500,477,PAKS Zrt,AEE,1974-8,1984-9,1984-11,89.80016668,90.10446525,DH,46.5725,18.85417
224,HUNGARY,HU -3,PAKS-3,PWR,VVER V-213,1485,500,473,PAKS Zrt,AEE,1979-10,1986-9,1986-12,88.40386428,88.71835427,DH,46.5725,18.85417
225,HUNGARY,HU -4,PAKS-4,PWR,VVER V-213,1485,500,473,PAKS Zrt,AEE,1979-10,1987-8,1987-11,89.3071892,89.9589613,DH,46.5725,18.85417
226,SWITZERLAND,CH -4,GOESGEN,PWR,PWR 3 Loop,3002,1060,1010,KKG,KWU,1973-12,1979-2,1979-11,89.69607607,90.27069542,PH,47.366111,7.966667
227,FRANCE,FR -54,BELLEVILLE-1,PWR,P4 REP 1300,3817,1363,1310,EDF,FRAM,1980-5,1987-10,1988-6,77.98421747,79.36714706,-,47.50972,2.875
228,FRANCE,FR -55,BELLEVILLE-2,PWR,P4 REP 1300,3817,1363,1310,EDF,FRAM,1980-8,1988-7,1989-1,74.98574499,76.72203481,-,47.50972,2.875
229,RUSSIA,RU -59,ROSTOV-1,PWR,VVER V-320,3200,1000,950,REA,AEM,1981-9,2001-3,2001-12,89.94404652,90.03964302,-,47.5993417,42.3718778
230,RUSSIA,RU -62,ROSTOV-2,PWR,VVER V-320,3200,1000,950,REA,AEM,1983-5,2010-3,2010-12,89.14403889,89.44944508,-,47.5993417,42.3718778
231,RUSSIA,RU -63,ROSTOV-3,PWR,VVER V-320,3000,1000,950,REA,AEM,2009-9,2014-12,2015-9,82.59298076,83.97433377,-,47.5993417,42.3718778
232,RUSSIA,RU -64,ROSTOV-4,PWR,VVER V-320,3000,1030,979,REA,AEM,2010-6,2018-2,2018-9,89.55846834,90.58814519,-,47.5993417,42.3718778
233,SWITZERLAND,CH -5,LEIBSTADT,BWR,BWR-6,3600,1275,1220,KKL,GETSCO,1974-1,1984-5,1984-12,77.5155274,78.91288003,-,47.60306,8.18472
234,FRANCE,FR -22,DAMPIERRE-1,PWR,CP1,2785,937,890,EDF,FRAM,1975-2,1980-3,1980-9,79.00791327,80.34519725,-,47.73306,2.51667
235,FRANCE,FR -29,DAMPIERRE-2,PWR,CP1,2785,937,890,EDF,FRAM,1975-4,1980-12,1981-2,77.46471171,78.9729497,-,47.73306,2.51667
236,FRANCE,FR -30,DAMPIERRE-3,PWR,CP1,2785,937,890,EDF,FRAM,1975-9,1981-1,1981-5,78.44610248,80.91600146,-,47.73306,2.51667
237,FRANCE,FR -31,DAMPIERRE-4,PWR,CP1,2785,937,890,EDF,FRAM,1975-12,1981-8,1981-11,74.7096403,77.58374108,-,47.73306,2.51667
238,UKRAINE,UA -44,SOUTH UKRAINE-1,PWR,VVER V-302,3000,1000,950,NNEGC,PAA,1976-8,1982-12,1983-12,69.14315996,74.92082084,DH,47.81667,31.21667
239,UKRAINE,UA -45,SOUTH UKRAINE-2,PWR,VVER V-338,3000,1000,950,NNEGC,PAA,1981-7,1985-1,1985-4,66.68972781,71.64672806,DH,47.81667,31.21667
240,UKRAINE,UA -48,SOUTH UKRAINE-3,PWR,VVER V-320,3000,1000,950,NNEGC,PAA,1984-11,1989-9,1989-12,63.88209417,69.5912922,DH,47.81667,31.21667
241,GERMANY,DE -28,GUNDREMMINGEN-C,BWR,BWR-72,3840,1344,1288,KGG,KWU,1976-7,1984-11,1985-1,87.67913595,88.51193567,-,48.51472,10.40222
242,FRANCE,FR -58,NOGENT-1,PWR,P4 REP 1300,3817,1363,1310,EDF,FRAM,1981-5,1987-10,1988-2,78.37459167,80.78806795,-,48.51528,3.51778
243,FRANCE,FR -59,NOGENT-2,PWR,P4 REP 1300,3817,1363,1310,EDF,FRAM,1982-1,1988-12,1989-5,82.81132088,85.03105836,-,48.51528,3.51778
244,GERMANY,DE -31,ISAR-2,PWR,Konvoi,3950,1485,1410,PElectra,KWU,1982-9,1988-1,1988-4,92.83732085,93.16164725,-,48.6056056,12.29315
245,GERMANY,DE -44,NECKARWESTHEIM-2,PWR,Konvoi,3850,1400,1310,EnKK,KWU,1982-11,1989-1,1989-4,90.19849767,90.66396964,-,49.04167,9.175
246,CZECH REP.,CZ -4,DUKOVANY-1,PWR,VVER V-213,1444,500,468,CEZ,SKODA,1979-1,1985-2,1985-5,82.50952246,83.3458696,-,49.085,16.14889
247,CZECH REP.,CZ -5,DUKOVANY-2,PWR,VVER V-213,1444,500,471,CEZ,SKODA,1979-1,1986-1,1986-3,77.29522519,78.37742329,-,49.085,16.14889
248,CZECH REP.,CZ -8,DUKOVANY-3,PWR,VVER V-213,1444,500,468,CEZ,SKODA,1979-3,1986-11,1986-12,79.50679245,80.6165983,-,49.085,16.14889
249,CZECH REP.,CZ -9,DUKOVANY-4,PWR,VVER V-213,1444,500,471,CEZ,SKODA,1979-3,1987-6,1987-7,82.89180558,83.784527,-,49.085,16.14889
250,CZECH REP.,CZ -23,TEMELIN-1,PWR,VVER V-320,3120,1082,1027,CEZ,SKODA,1987-2,2000-12,2002-6,80.79971446,81.26664012,DH,49.18,14.376111
251,CZECH REP.,CZ -24,TEMELIN-2,PWR,VVER V-320,3120,1082,1027,CEZ,SKODA,1987-2,2002-12,2003-4,78.23155496,78.33475931,DH,49.18,14.376111
252,FRANCE,FR -50,CATTENOM-1,PWR,P4 REP 1300,3817,1362,1300,EDF,FRAM,1979-10,1986-11,1987-4,73.3714515,75.09346799,-,49.41583,6.21806
253,FRANCE,FR -53,CATTENOM-2,PWR,P4 REP 1300,3817,1362,1300,EDF,FRAM,1980-7,1987-9,1988-2,76.97291188,79.52349366,-,49.41583,6.21806
254,FRANCE,FR -60,CATTENOM-3,PWR,P4 REP 1300,3817,1362,1300,EDF,FRAM,1982-6,1990-7,1991-2,77.88410737,80.1745494,-,49.41583,6.21806
255,FRANCE,FR -65,CATTENOM-4,PWR,P4 REP 1300,3817,1362,1300,EDF,FRAM,1983-9,1991-5,1992-1,76.39650707,80.14055316,-,49.41583,6.21806
256,FRANCE,FR -46,FLAMANVILLE-1,PWR,P4 REP 1300,3817,1382,1330,EDF,FRAM,1979-12,1985-12,1986-12,69.36882256,70.79198362,-,49.53639,1.88167
257,FRANCE,FR -47,FLAMANVILLE-2,PWR,P4 REP 1300,3817,1382,1330,EDF,FRAM,1980-5,1986-7,1987-3,71.73326966,74.32743475,-,49.53639,1.88167
258,FRANCE,FR -36,PALUEL-1,PWR,P4 REP 1300,3817,1382,1330,EDF,FRAM,1977-8,1984-6,1985-12,76.10279287,78.33467632,-,49.85806,0.63556
259,FRANCE,FR -37,PALUEL-2,PWR,P4 REP 1300,3817,1382,1330,EDF,FRAM,1978-1,1984-9,1985-12,57.14739325,58.10218263,-,49.85806,0.63556
260,FRANCE,FR -38,PALUEL-3,PWR,P4 REP 1300,3817,1382,1330,EDF,FRAM,1979-2,1985-9,1986-2,70.24165367,74.44340568,-,49.85806,0.63556
261,FRANCE,FR -39,PALUEL-4,PWR,P4 REP 1300,3817,1382,1330,EDF,FRAM,1980-2,1986-4,1986-6,74.60615427,77.33479639,-,49.85806,0.63556
262,FRANCE,FR -63,PENLY-1,PWR,P4 REP 1300,3817,1382,1330,EDF,FRAM,1982-9,1990-5,1990-12,81.13188382,82.20951126,-,49.97667,1.21194
263,FRANCE,FR -64,PENLY-2,PWR,P4 REP 1300,3817,1382,1330,EDF,FRAM,1984-8,1992-2,1992-11,79.9564355,81.62970697,-,49.97667,1.21194
264,BELGIUM,BE -3,TIHANGE-1,PWR,Framatome 3 lo,2873,1009,962,EBL,ACLF,1970-6,1975-3,1975-10,74.3521258,75.40613581,-,50.5346278,5.2725333
265,BELGIUM,BE -6,TIHANGE-2,PWR,WH 3LP,3064,1055,1008,EBL,FRAMACEC,1976-4,1982-10,1983-6,60.16592099,60.41690768,-,50.5346278,5.2725333
266,BELGIUM,BE -8,TIHANGE-3,PWR,WH 3LP,3000,1089,1038,EBL,ACECOWEN,1978-11,1985-6,1985-9,84.05087651,85.01876225,-,50.5346278,5.2725333
267,FRANCE,FR -20,GRAVELINES-1,PWR,CP1,2785,951,910,EDF,FRAM,1975-2,1980-3,1980-11,69.76505107,72.29530641,-,51.01528,2.13611
268,FRANCE,FR -21,GRAVELINES-2,PWR,CP1,2785,951,910,EDF,FRAM,1975-3,1980-8,1980-12,71.10770722,75.72483936,-,51.01528,2.13611
269,FRANCE,FR -27,GRAVELINES-3,PWR,CP1,2785,951,910,EDF,FRAM,1975-12,1980-12,1981-6,74.00944355,75.21392062,-,51.01528,2.13611
270,FRANCE,FR -28,GRAVELINES-4,PWR,CP1,2785,951,910,EDF,FRAM,1976-4,1981-6,1981-10,77.61645495,79.30729384,-,51.01528,2.13611
271,FRANCE,FR -51,GRAVELINES-5,PWR,CP1,2785,951,910,EDF,FRAM,1979-10,1984-8,1985-1,66.97530365,68.41044959,-,51.01528,2.13611
272,FRANCE,FR -52,GRAVELINES-6,PWR,CP1,2785,951,910,EDF,FRAM,1979-10,1985-8,1985-10,77.38978186,79.42330412,-,51.01528,2.13611
273,BELGIUM,BE -2,DOEL-1,PWR,WH 2LP,1311,454,445,EBL+EDF,ACECOWEN,1969-7,1974-8,1975-2,80.86186878,81.32413568,-,51.32472,4.25861
274,BELGIUM,BE -4,DOEL-2,PWR,WH 2LP,1311,454,433,EBL+EDF,ACECOWEN,1971-9,1975-8,1975-12,80.94846188,81.43578043,-,51.32472,4.25861
275,BELGIUM,BE -5,DOEL-3,PWR,WH 3LP,3054,1056,1006,EBL+EDF,FRAMACEC,1975-1,1982-6,1982-10,58.19157708,58.39559326,-,51.32472,4.25861
276,BELGIUM,BE -7,DOEL-4,PWR,WH 3LP,2988,1090,1038,EBL+EDF,ACECOWEN,1978-12,1985-4,1985-7,82.70162513,83.04238172,-,51.32472,4.25861
277,RUSSIA,RU -17,KURSK-1,LWGR,RBMK-1000,3200,1000,925,REA,AEM,1972-6,1976-12,1977-10,74.03251705,74.87887299,"DH, PH",51.675,35.60556
278,RUSSIA,RU -22,KURSK-2,LWGR,RBMK-1000,3200,1000,925,REA,AEM,1973-1,1979-1,1979-8,67.951024,68.35648737,"DH, PH",51.675,35.60556
279,RUSSIA,RU -38,KURSK-3,LWGR,RBMK-1000,3200,1000,925,REA,AEM,1978-4,1983-10,1984-3,80.8701674,81.42937228,"DH, PH",51.675,35.60556
280,RUSSIA,RU -39,KURSK-4,LWGR,RBMK-1000,3200,1000,925,REA,AEM,1981-5,1985-12,1986-2,82.76932499,83.37919153,"DH, PH",51.675,35.60556
281,GERMANY,DE -27,GROHNDE,PWR,PWR,3900,1430,1360,PElectra,KWU,1976-6,1984-9,1985-2,85.52562233,86.74061644,-,52.03528,9.41333
282,RUSSIA,RU -96,BALAKOVO-1,PWR,VVER V-320,3000,1000,950,REA,AEM,1980-12,1985-12,1986-5,86.85767712,87.0401078,"DH, PH",52.09111,47.95528
283,RUSSIA,RU -97,BALAKOVO-2,PWR,VVER V-320,3000,1000,950,REA,AEM,1981-8,1987-10,1988-1,88.110724,88.36365438,"DH, PH",52.09111,47.95528
284,RUSSIA,RU -98,BALAKOVO-3,PWR,VVER V-320,3000,1000,950,REA,AEM,1982-11,1988-12,1989-4,86.36103625,86.61754794,"DH, PH",52.09111,47.95528
285,RUSSIA,RU -99,BALAKOVO-4,PWR,VVER V-320,3200,1000,950,REA,AEM,1984-4,1993-4,1993-12,87.87301719,87.95838377,"DH, PH",52.09111,47.95528
286,GERMANY,DE -33,EMSLAND,PWR,Konvoi,3850,1406,1335,KLE,KWU,1982-8,1988-4,1988-6,93.56318146,94.06514171,-,52.4742306,7.3178583
287,GERMANY,DE -32,BROKDORF,PWR,PWR,3900,1480,1410,PElectra,KWU,1976-1,1986-10,1986-12,84.20795009,84.46141833,-,53.85083,9.34472
288,RUSSIA,RU -23,SMOLENSK-1,LWGR,RBMK-1000,3200,1000,925,REA,AEM,1975-10,1982-12,1983-9,78.27657312,78.50842806,"DH, PH",54.1691611,33.2466361
289,RUSSIA,RU -24,SMOLENSK-2,LWGR,RBMK-1000,3200,1000,925,REA,AEM,1976-6,1985-5,1985-7,78.62310914,78.82763363,"DH, PH",54.1691611,33.2466361
290,RUSSIA,RU -67,SMOLENSK-3,LWGR,RBMK-1000,3200,1000,925,REA,AEM,1984-5,1990-1,1990-10,80.2010462,80.24899968,"DH, PH",54.1691611,33.2466361
291,UK,GB -23A,TORNESS-1,GCR,AGR,1623,682,595,EDF UK,NNC,1980-8,1988-5,1988-5,85.07237946,85.9985165,-,55.96799,2.40908
292,UK,GB -23B,TORNESS-2,GCR,AGR,1623,682,605,EDF UK,NNC,1980-8,1989-2,1989-2,84.45935286,85.28921842,-,55.96799,2.40908
293,RUSSIA,RU -21,BELOYARSK-3,FBR,BN-600,1470,600,560,REA,AEM,1969-1,1980-4,1981-11,80.42171934,80.44474978,"DH, PH",56.84167,61.3225
294,RUSSIA,RU -116,BELOYARSK-4,FBR,BN-800,2100,885,820,REA,AEM,2006-7,2015-12,2016-10,67.8895327,69.06574394,-,56.84167,61.3225
295,SWEDEN,SE -4,RINGHALS-1,BWR,AA-I,2540,910,881,RAB,ABBATOM,1969-2,1974-10,1976-1,74.23589443,75.83263629,-,57.25972,12.11083
296,SWEDEN,SE -7,RINGHALS-3,PWR,WH 3LP,3135,1117,1062,RAB,WH,1972-9,1980-9,1981-9,82.81089553,85.49382716,-,57.25972,12.11083
297,SWEDEN,SE -10,RINGHALS-4,PWR,WH 3LP,3300,1171,1117,RAB,WH,1973-11,1982-6,1983-11,81.26576466,83.78427828,-,57.25972,12.11083
298,SWEDEN,SE -12,OSKARSHAMN-3,BWR,"AA-IV, BWR-300",3900,1450,1400,OKG,ABBATOM,1980-5,1985-3,1985-8,73.85104623,75.4269668,-,57.41556,16.67111
299,RUSSIA,RU -30,KALININ-1,PWR,VVER V-338,3000,1000,950,REA,AEM,1977-2,1984-5,1985-6,82.56988841,82.58596587,"DH, PH",57.90556,35.06028
300,RUSSIA,RU -31,KALININ-2,PWR,VVER V-338,3000,1000,950,REA,AEM,1982-2,1986-12,1987-3,86.66094522,86.66551973,"DH, PH",57.90556,35.06028
301,RUSSIA,RU -36,KALININ-3,PWR,VVER V-320,3200,1000,950,REA,AEM,1985-10,2004-12,2005-11,82.8500233,82.90172652,"DH, PH",57.90556,35.06028
302,RUSSIA,RU -37,KALININ-4,PWR,VVER V-320,3200,1000,950,REA,AEM,1986-8,2011-11,2012-12,87.42970345,87.43236312,"DH, PH",57.90556,35.06028
303,RUSSIA,RU -16,LENINGRAD-2,LWGR,RBMK-1000,3200,1000,925,REA,AEM,1970-6,1975-7,1976-2,69.34783976,69.70073167,"DH, PH",59.84722,29.04361
304,RUSSIA,RU -34,LENINGRAD-3,LWGR,RBMK-1000,3200,1000,925,REA,AEM,1973-12,1979-12,1980-6,85.74816847,85.9220347,"DH, PH",59.84722,29.04361
305,RUSSIA,RU -35,LENINGRAD-4,LWGR,RBMK-1000,3200,1000,925,REA,AEM,1975-2,1981-2,1981-8,82.59661866,82.67489738,"DH, PH",59.84722,29.04361
306,FINLAND,FI -1,LOVIISA-1,PWR,VVER V-213,1500,531,507,FORTUMPH,AEE,1971-5,1977-2,1977-5,91.17831262,92.15136036,-,60.37222,26.34722
307,FINLAND,FI -2,LOVIISA-2,PWR,VVER V-213,1500,531,507,FORTUMPH,AEE,1972-8,1980-11,1981-1,90.92361749,91.92634074,-,60.37222,26.34722
308,SWEDEN,SE -9,FORSMARK-1,BWR,"AA-III, BWR-25",2927,1027,990,FKA,ABBATOM,1973-6,1980-6,1980-12,87.99383171,88.86988178,-,60.40333,18.16667
309,SWEDEN,SE -11,FORSMARK-2,BWR,"AA-III, BWR-25",3253,1157,1118,FKA,ABBATOM,1975-1,1981-1,1981-7,82.13465661,83.3345892,-,60.40333,18.16667
310,SWEDEN,SE -14,FORSMARK-3,BWR,"AA-IV, BWR-300",3300,1195,1172,FKA,ABBATOM,1979-1,1985-3,1985-8,82.54193249,83.44452516,-,60.40333,18.16667
311,FINLAND,FI -3,OLKILUOTO-1,BWR,"AA-III, BWR-25",2500,920,890,TVO,ASEASTAL,1974-2,1978-9,1979-10,93.00196367,93.76208496,-,61.23694,21.44083
312,FINLAND,FI -4,OLKILUOTO-2,BWR,"AA-III, BWR-25",2500,920,890,TVO,ASEASTAL,1975-11,1980-2,1982-7,91.90968127,92.68150619,-,61.23694,21.44083
313,RUSSIA,RU -12,KOLA-1,PWR,VVER V-230,1375,440,411,REA,AEM,1970-5,1973-6,1973-12,76.91815828,77.38104167,"DH, PH",67.467,32.467
314,RUSSIA,RU -13,KOLA-2,PWR,VVER V-230,1375,440,411,REA,AEM,1970-5,1974-12,1975-2,77.98664816,78.34112124,"DH, PH",67.467,32.467
315,RUSSIA,RU -32,KOLA-3,PWR,VVER V-213,1375,440,411,REA,AEM,1977-4,1981-3,1982-12,80.87124377,80.96246521,"DH, PH",67.467,32.467
316,RUSSIA,RU -33,KOLA-4,PWR,VVER V-213,1375,440,411,REA,AEM,1976-8,1984-10,1984-12,83.0545079,83.0645847,"DH, PH",67.467,32.467
317,ARGENTINA,AR -2,EMBALSE,PHWR,CANDU 6,2064,656,608,NASA,AECL,1974-4,1983-4,1984-1,54.82387556,54.87358797,-,32.232,64.443
318,ARMENIA,AM -19,ARMENIAN-2,PWR,VVER V-270,1375,408,375,ANPPCJSC,FAEA,1975-7,1980-1,1980-5,66.87351938,68.83120162,-,40.1808444,44.1489083
319,CANADA,CA -17,POINT LEPREAU,PHWR,CANDU 6,2180,705,660,NBEPC,AECL,1975-5,1982-9,1983-2,57.91342226,57.91342226,-,45.06889,66.45472
320,CHINA,CN -84,CEFR,FBR,BN-20,65,25,20,CIAE,IZ,2000-5,2011-7,—,0,0,-,39.74083,116.03028
321,CHINA,CN -4,QINSHAN 2-1,PWR,CNP-600,1930,650,610,NPQJVC,CNNC,1996-6,2002-2,2002-4,87.52704406,87.55258026,-,30.43306,120.95
322,CHINA,CN -5,QINSHAN 2-2,PWR,CNP-600,1930,650,610,NPQJVC,CNNC,1997-4,2004-3,2004-5,88.33524957,88.34124225,-,30.43306,120.95
323,CHINA,CN -14,QINSHAN 2-3,PWR,CNP-600,1930,660,619,NPQJVC,CNNC,2006-4,2010-8,2010-10,90.97563825,91.03490081,-,30.43306,120.95
324,CHINA,CN -15,QINSHAN 2-4,PWR,CNP-600,1930,660,619,NPQJVC,CNNC,2007-1,2011-11,2011-12,90.26318008,90.41675817,-,30.43306,120.95
325,CHINA,CN -8,QINSHAN 3-1,PHWR,CANDU 6,2064,728,677,TQNPC,AECL,1998-6,2002-11,2002-12,90.5587954,90.96912343,-,30.43306,120.95
326,CHINA,CN -9,QINSHAN 3-2,PHWR,CANDU 6,2064,728,677,TQNPC,AECL,1998-9,2003-6,2003-7,91.68359755,92.21991938,-,30.43306,120.95
327,FRANCE,FR -40,CHINON B-1,PWR,CP2,2785,954,905,EDF,FRAM,1977-3,1982-11,1984-2,73.87472826,74.73700952,-,47.2325,0.1703
328,FRANCE,FR -41,CHINON B-2,PWR,CP2,2785,954,905,EDF,FRAM,1977-3,1983-11,1984-8,72.30739434,75.42459645,-,47.2325,0.1703
329,FRANCE,FR -56,CHINON B-3,PWR,CP2,2785,954,905,EDF,FRAM,1980-10,1986-10,1987-3,79.36842393,80.19851631,-,47.2325,0.1703
330,FRANCE,FR -57,CHINON B-4,PWR,CP2,2785,954,905,EDF,FRAM,1981-2,1987-11,1988-4,79.04570559,79.91754075,-,47.2325,0.1703
331,FRANCE,FR -62,CHOOZ B-1,PWR,N4 REP 1450,4270,1560,1500,EDF,FRAM,1984-1,1996-8,2000-5,80.18111579,82.95075243,-,50.09,4.78944
332,FRANCE,FR -70,CHOOZ B-2,PWR,N4 REP 1450,4270,1560,1500,EDF,FRAM,1985-12,1997-4,2000-9,76.64690114,82.16165478,-,50.09,4.78944
333,FRANCE,FR -11,FESSENHEIM-1,PWR,CP0,2785,920,880,EDF,FRAM,1971-9,1977-4,1978-1,76.59623505,78.58552733,-,47.90306,7.56306
334,FRANCE,FR -12,FESSENHEIM-2,PWR,CP0,2785,920,880,EDF,FRAM,1972-2,1977-10,1978-4,60.63215989,63.19453631,-,47.90306,7.56306
335,FRANCE,FR -48,ST. ALBAN-1,PWR,P4 REP 1300,3817,1381,1335,EDF,FRAM,1979-1,1985-8,1986-5,77.76389557,81.42303124,-,45.40444,4.75528
336,FRANCE,FR -49,ST. ALBAN-2,PWR,P4 REP 1300,3817,1381,1335,EDF,FRAM,1979-7,1986-7,1987-3,76.76636015,79.92200492,-,45.40444,4.75528
337,FRANCE,FR -17,ST. LAURENT B-1,PWR,CP2,2785,956,915,EDF,FRAM,1976-5,1981-1,1983-8,74.77972207,78.44537206,-,47.72,1.5775
338,FRANCE,FR -23,ST. LAURENT B-2,PWR,CP2,2785,956,915,EDF,FRAM,1976-7,1981-6,1983-8,71.18765361,73.99666071,-,47.72,1.5775
339,INDIA,IN -13,KAIGA-1,PHWR,Horizontal Pre,801,220,202,NPCIL,NPCIL,1989-9,2000-10,2000-11,82.11517933,94.02859695,-,14.8653222,74.4396417
340,INDIA,IN -14,KAIGA-2,PHWR,Horizontal Pre,801,220,202,NPCIL,NPCIL,1989-12,1999-12,2000-3,80.64556437,92.26162469,-,14.8653222,74.4396417
341,INDIA,IN -15,KAIGA-3,PHWR,Horizontal Pre,800,220,202,NPCIL,NPCIL,2002-3,2007-4,2007-5,79.38873581,88.43339594,-,14.8653222,74.4396417
342,INDIA,IN -16,KAIGA-4,PHWR,Horizontal Pre,800,220,202,NPCIL,NPCIL,2002-5,2011-1,2011-1,84.6043889,91.43386866,-,14.8653222,74.4396417
343,INDIA,IN -9,KAKRAPAR-1,PHWR,Horizontal Pre,801,220,202,NPCIL,NPCIL,1984-12,1992-11,1993-5,54.75517394,54.75517394,-,21.23861,73.35
344,INDIA,IN -10,KAKRAPAR-2,PHWR,Horizontal Pre,801,220,202,NPCIL,NPCIL,1985-4,1995-3,1995-9,58.5998839,63.11719199,-,21.23861,73.35
345,INDIA,IN -5,MADRAS-1,PHWR,Horizontal Pre,801,220,205,NPCIL,NPCIL,1971-1,1983-7,1984-1,57.47793836,73.56540269,DS,12.5575,80.175
346,INDIA,IN -6,MADRAS-2,PHWR,Horizontal Pre,801,220,205,NPCIL,NPCIL,1972-10,1985-9,1986-3,68.52922778,86.38647578,DS,12.5575,80.175
347,INDIA,IN -7,NARORA-1,PHWR,Horizontal Pre,801,220,202,NPCIL,NPCIL,1976-12,1989-7,1991-1,75.66322897,92.20374409,-,28.15806,78.40944
348,INDIA,IN -8,NARORA-2,PHWR,Horizontal Pre,801,220,202,NPCIL,NPCIL,1977-11,1992-1,1992-7,71.23718772,86.24677038,-,28.15806,78.40944
349,"IRAN, ISL. REP.",IR -1,BUSHEHR-1,PWR,VVER V-446,3000,1000,915,NPPDCO,JSC ASE,1975-5,2011-9,2013-9,71.77151116,72.18216103,-,28.8296222,50.8859611
350,JAPAN,JP -58,HIGASHI DORI-1 (TOHOKU),BWR,BWR-5,3293,1100,1067,TOHOKU,TOSHIBA,2000-11,2005-3,2005-12,10.97484104,10.97484104,-,41.188056,141.390278
351,JAPAN,JP -47,IKATA-3,PWR,M (3-loop),2660,890,846,SHIKOKU,MHI,1990-10,1994-3,1994-12,42.7239813,42.7239813,DS,33.49083,132.31139
352,JAPAN,JP -33,KASHIWAZAKI KARIWA-1,BWR,BWR-5,3293,1100,1067,TEPCO,TOSHIBA,1980-6,1985-2,1985-9,11.56333928,11.56333928,-,37.42833,138.60167
353,JAPAN,JP -39,KASHIWAZAKI KARIWA-2,BWR,BWR-5,3293,1100,1067,TEPCO,TOSHIBA,1985-11,1990-2,1990-9,1.59E-14,1.59E-14,-,37.42833,138.60167
354,JAPAN,JP -52,KASHIWAZAKI KARIWA-3,BWR,BWR-5,3293,1100,1067,TEPCO,TOSHIBA,1989-3,1992-12,1993-8,1.59E-14,1.59E-14,-,37.42833,138.60167
355,JAPAN,JP -53,KASHIWAZAKI KARIWA-4,BWR,BWR-5,3293,1100,1067,TEPCO,HITACHI,1990-3,1993-12,1994-8,1.59E-14,1.59E-14,-,37.42833,138.60167
356,JAPAN,JP -40,KASHIWAZAKI KARIWA-5,BWR,BWR-5,3293,1100,1067,TEPCO,HITACHI,1985-6,1989-9,1990-4,11.48647051,11.50029743,-,37.42833,138.60167
357,JAPAN,JP -55,KASHIWAZAKI KARIWA-6,BWR,ABWR,3926,1356,1315,TEPCO,TOSHIBA,1992-11,1996-1,1996-11,19.64670729,19.64670729,-,37.42833,138.60167
358,JAPAN,JP -56,KASHIWAZAKI KARIWA-7,BWR,ABWR,3926,1356,1315,TEPCO,HITACHI,1993-7,1996-12,1997-7,14.00485541,14.00485541,-,37.42833,138.60167
359,JAPAN,JP -14,MIHAMA-3,PWR,M (3-loop),2440,826,780,KEPCO,MHI,1972-8,1976-2,1976-12,11.38406774,11.38406774,-,35.703475,135.9635778
360,JAPAN,JP -50,OHI-3,PWR,M (4-loop),3423,1180,1127,KEPCO,MHI,1987-10,1991-6,1991-12,37.63562154,37.6714013,DS,35.540625,135.652033
361,JAPAN,JP -51,OHI-4,PWR,M (4-loop),3423,1180,1127,KEPCO,MHI,1988-6,1992-6,1993-2,38.33810782,38.33810782,DS,35.540625,135.652033
362,JAPAN,JP -41,SHIMANE-2,BWR,BWR-5,2436,820,789,CHUGOKU,HITACHI,1985-2,1988-7,1989-2,13.46012579,13.46012579,-,35.53833,132.99917
363,"KOREA, REP. OF",KR -21,SHIN-KORI-1,PWR,OPR-1000,2825,1046,996,KHNP,DHICKOPC,2006-6,2010-8,2011-2,71.92618518,72.15520327,-,35.319904,129.290053
364,"KOREA, REP. OF",KR -22,SHIN-KORI-2,PWR,OPR-1000,2825,1047,996,KHNP,DHICKOPC,2007-6,2012-1,2012-7,80.31061193,80.6104375,-,35.319904,129.290053
365,"KOREA, REP. OF",KR -25,SHIN-KORI-3,PWR,APR-1400,3983,1486,1416,KHNP,DHICKOPC,2008-10,2016-1,2016-12,78.80584489,79.02342534,-,35.319904,129.290053
366,"KOREA, REP. OF",KR -26,SHIN-KORI-4,PWR,APR-1400,3983,1455,1418,KHNP,DHICKOPC,2009-8,2019-4,2019-8,99.9502845,99.99651341,-,35.319904,129.290053
367,"KOREA, REP. OF",KR -23,SHIN-WOLSONG-1,PWR,OPR-1000,2825,1049,997,KHNP,DHICKOPC,2007-11,2012-1,2012-7,80.10790605,80.39997423,-,35.71667,129.47778
368,"KOREA, REP. OF",KR -24,SHIN-WOLSONG-2,PWR,OPR-1000,2825,1051,993,KHNP,DHICKOPC,2008-9,2015-2,2015-7,78.67745764,78.78822212,-,35.71667,129.47778
369,"KOREA, REP. OF",KR -4,WOLSONG-2,PHWR,CANDU 6,2061,620,606,KHNP,AECL/DHI,1992-9,1997-4,1997-7,88.41730795,90.9058719,-,35.71667,129.47778
370,"KOREA, REP. OF",KR -15,WOLSONG-3,PHWR,CANDU 6,2061,650,630,KHNP,AECL/DHI,1994-3,1998-3,1998-7,79.05287023,81.46748743,-,35.71667,129.47778
371,"KOREA, REP. OF",KR -16,WOLSONG-4,PHWR,CANDU 6,2061,621,609,KHNP,AECL/DHI,1994-7,1999-5,1999-10,88.69887421,90.32215657,-,35.71667,129.47778
372,NETHERLANDS,NL -2,BORSSELE,PWR,KWU 2LP,1366,515,482,EPZ,S/KWU,1969-7,1973-7,1973-10,84.18013149,85.1548186,-,51.43083,3.71833
373,PAKISTAN,PK -2,CHASNUPP-1,PWR,CNP-300,999,325,300,PAEC,CNNC,1993-8,2000-6,2000-9,83.00988435,83.15624631,-,32.39028,71.4625
374,PAKISTAN,PK -3,CHASNUPP-2,PWR,CNP-300,999,325,300,PAEC,CNNC,2005-12,2011-3,2011-5,85.44088422,85.5122716,-,32.39028,71.4625
375,PAKISTAN,PK -4,CHASNUPP-3,PWR,CNP-300,999,340,315,PAEC,CNNC,2011-5,2016-10,2016-12,86.7586955,87.62177324,-,32.39028,71.4625
376,PAKISTAN,PK -5,CHASNUPP-4,PWR,CNP-300,999,340,313,PAEC,CNNC,2011-12,2017-7,2017-9,89.36883954,90.19892422,-,32.39028,71.4625
377,PAKISTAN,PK -1,KANUPP-1,PHWR,CANDU-137 MW,337,100,90,PAEC,CGE,1966-8,1971-10,1972-12,41.11680187,41.11680187,DS,24.847167,66.78825
378,RUSSIA,RU -151,AKADEMIK LOMONOSOV-1,PWR,KLT-40S Float,150,35,32,REA,AEM,2007-4,2019-12,2020-5,0,0,-,69.7,170.316667
379,RUSSIA,RU -152,AKADEMIK LOMONOSOV-2,PWR,KLT-40S Float,150,35,32,REA,AEM,2007-4,2019-12,2020-5,0,0,-,69.7,170.316667
380,RUSSIA,RU -142,BILIBINO-2,LWGR,EGP-6,62,12,11,REA,AEM,1970-1,1974-12,1975-2,82.07986906,82.07986906,DH,68.05028,166.53861
381,RUSSIA,RU -143,BILIBINO-3,LWGR,EGP-6,62,12,11,REA,AEM,1970-1,1975-12,1976-2,83.64491022,83.64491022,DH,68.05028,166.53861
382,RUSSIA,RU -144,BILIBINO-4,LWGR,EGP-6,62,12,11,REA,AEM,1970-1,1976-12,1977-1,83.0300541,83.0300541,DH,68.05028,166.53861
383,RUSSIA,RU -163,LENINGRAD 2-1,PWR,VVER V-491,3200,1188,1101,REA,AEM,2008-10,2018-3,2018-10,67.19769968,67.69026635,-,59.84722,29.04361
384,RUSSIA,RU -161,NOVOVORONEZH 2-1,PWR,VVER V-392M,3200,1180,1100,REA,AEM,2008-6,2016-8,2017-2,74.09877438,76.1390338,-,51.275,39.2
385,RUSSIA,RU -162,NOVOVORONEZH 2-2,PWR,VVER V-392M,3200,1181,1101,REA,AEM,2009-7,2019-5,2019-10,85.48202578,85.48202578,-,51.275,39.2
386,RUSSIA,RU -11,NOVOVORONEZH-4,PWR,VVER V-179,1375,417,385,REA,AEM,1967-7,1972-12,1973-3,77.83210647,78.7573867,"DH, PH",51.275,39.2
387,RUSSIA,RU -20,NOVOVORONEZH-5,PWR,VVER V-187,3000,1000,950,REA,AEM,1974-3,1980-5,1981-2,73.56720068,74.1062216,"DH, PH",51.275,39.2
388,SLOVAKIA,SK -13,BOHUNICE-3,PWR,VVER V-213,1471,505,471,SE,SKODA,1976-12,1984-8,1985-2,88.0278887,91.45789004,"DH, PH",48.49444,17.68194
389,SLOVAKIA,SK -14,BOHUNICE-4,PWR,VVER V-213,1471,505,471,SE,SKODA,1976-12,1985-8,1985-12,88.19940522,91.15223987,"DH, PH",48.49444,17.68194
390,SLOVAKIA,SK -6,MOCHOVCE-1,PWR,VVER V-213,1471,470,436,SE,SKODA,1983-10,1998-7,1998-10,91.3457416,92.03302733,-,48.26389,18.45694
391,SLOVAKIA,SK -7,MOCHOVCE-2,PWR,VVER V-213,1471,470,436,SE,SKODA,1983-10,1999-12,2000-4,90.11720098,91.17366306,-,48.26389,18.45694
392,SLOVENIA,SI -1,KRSKO,PWR,WH 2LP,1994,727,688,NEK,WH,1975-3,1981-10,1983-1,91.5599939,91.93004195,-,45.938333,15.515556
393,SWITZERLAND,CH -1,BEZNAU-1,PWR,WH 2LP,1130,380,365,Axpo AG,WH,1965-9,1969-7,1969-12,63.9010244,64.08717373,DH,47.552107,8.228492
394,SWITZERLAND,CH -3,BEZNAU-2,PWR,WH 2LP,1130,380,365,Axpo AG,WH,1968-1,1971-10,1972-3,87.85398131,88.3069826,DH,47.552107,8.228492
395,UK,GB -18A,DUNGENESS B-1,GCR,AGR,1500,615,545,EDF UK,APC,1965-10,1983-4,1985-4,46.87762248,46.90699545,-,50.913889,0.963889
396,UK,GB -18B,DUNGENESS B-2,GCR,AGR,1500,615,545,EDF UK,APC,1965-10,1985-12,1989-4,50.06459323,50.23603866,-,50.913889,0.963889
397,UK,GB -19A,HARTLEPOOL A-1,GCR,AGR,1500,655,590,EDF UK,NPC,1968-10,1983-8,1989-4,72.00695269,72.14718289,-,54.635,1.18083
398,UK,GB -19B,HARTLEPOOL A-2,GCR,AGR,1500,655,595,EDF UK,NPC,1968-10,1984-10,1989-4,72.88692177,72.96774608,-,54.635,1.18083
399,UK,GB -20A,HEYSHAM A-1,GCR,AGR,1500,625,485,EDF UK,NPC,1970-12,1983-7,1989-4,63.58731761,63.69018602,-,54.02889,2.91611
400,UK,GB -20B,HEYSHAM A-2,GCR,AGR,1500,625,575,EDF UK,NPC,1970-12,1984-10,1989-4,65.24700767,65.30967909,-,54.02889,2.91611
401,UK,GB -22A,HEYSHAM B-1,GCR,AGR,1550,680,620,EDF UK,NPC,1980-8,1988-7,1989-4,86.02320653,86.22316187,-,54.02889,2.91611
402,UK,GB -22B,HEYSHAM B-2,GCR,AGR,1550,680,620,EDF UK,NPC,1980-8,1988-11,1989-4,83.58201482,83.65810297,-,54.02889,2.91611
403,UK,GB -16A,HINKLEY POINT B-1,GCR,AGR,1494,655,485,EDF UK,TNPG,1967-9,1976-10,1978-10,84.44356897,84.54011499,-,51.209034,3.127477
404,UK,GB -16B,HINKLEY POINT B-2,GCR,AGR,1494,655,480,EDF UK,TNPG,1967-9,1976-2,1976-9,86.18589425,86.28927243,-,51.209034,3.127477
405,UK,GB -17A,HUNTERSTON B-1,GCR,AGR,1496,644,490,EDF UK,TNPG,1967-11,1976-2,1976-2,70.54650113,70.7514084,-,55.72209,4.89009
406,UK,GB -17B,HUNTERSTON B-2,GCR,AGR,1496,644,495,EDF UK,TNPG,1967-11,1977-3,1977-3,77.27203345,77.40077204,-,55.72209,4.89009
407,UK,GB -24,SIZEWELL B,PWR,SNUPPS,3425,1250,1198,EDF UK,PPC,1988-7,1995-2,1995-9,82.00299175,82.05511933,-,52.215,1.61972
408,UKRAINE,UA -40,KHMELNITSKI-1,PWR,VVER V-320,3000,1000,950,NNEGC,PAIP,1981-11,1987-12,1988-8,68.63801978,70.41652495,DH,50.3014056,26.64975
409,UKRAINE,UA -41,KHMELNITSKI-2,PWR,VVER V-320,3000,1000,950,NNEGC,PAIP,1985-2,2004-8,2005-12,80.10069945,81.48072193,DH,50.3014056,26.64975
410,UKRAINE,UA -27,ROVNO-1,PWR,VVER V-213,1375,420,381,NNEGC,PAIP,1973-8,1980-12,1981-9,83.93722228,84.54607921,DH,51.32778,25.89167
411,UKRAINE,UA -28,ROVNO-2,PWR,VVER V-213,1375,415,376,NNEGC,PAIP,1973-10,1981-12,1982-7,80.23132181,80.74385307,DH,51.32778,25.89167
412,UKRAINE,UA -29,ROVNO-3,PWR,VVER V-320,3000,1000,950,NNEGC,PAIP,1980-2,1986-12,1987-5,67.63852059,69.49357718,DH,51.32778,25.89167
413,UKRAINE,UA -69,ROVNO-4,PWR,VVER V-320,3000,1000,950,NNEGC,PAA,1986-8,2004-10,2006-4,80.69313018,82.56263331,DH,51.32778,25.89167
414,UKRAINE,UA -54,ZAPOROZHYE-1,PWR,VVER V-320,3000,1000,950,NNEGC,PAIP,1980-4,1984-12,1985-12,69.84486751,71.82936171,DH,47.51222,34.58583
415,UKRAINE,UA -56,ZAPOROZHYE-2,PWR,VVER V-320,3000,1000,950,NNEGC,PAIP,1981-1,1985-7,1986-2,68.41518827,72.9868325,DH,47.51222,34.58583
416,UKRAINE,UA -78,ZAPOROZHYE-3,PWR,VVER V-320,3000,1000,950,NNEGC,PAIP,1982-4,1986-12,1987-3,74.02248562,76.42795937,DH,47.51222,34.58583
417,UKRAINE,UA -79,ZAPOROZHYE-4,PWR,VVER V-320,3000,1000,950,NNEGC,PAIP,1983-4,1987-12,1988-4,73.23654066,75.13930723,DH,47.51222,34.58583
418,UKRAINE,UA -126,ZAPOROZHYE-5,PWR,VVER V-320,3000,1000,950,NNEGC,PAIP,1985-11,1989-8,1989-10,77.32340898,80.16875324,DH,47.51222,34.58583
419,UKRAINE,UA -127,ZAPOROZHYE-6,PWR,VVER V-320,3000,1000,950,NNEGC,PAIP,1986-6,1995-10,1996-9,80.51737572,82.83817087,DH,47.51222,34.58583
420,USA,US -315,COOK-1,PWR,WH 4LP (ICECDN,3304,1131,1030,AEP,WH,1969-3,1975-2,1975-8,88.92551013,88.92551013,-,41.97556,86.56528
421,USA,US -316,COOK-2,PWR,WH 4LP (ICECDN,3468,1231,1168,AEP,WH,1969-3,1978-3,1978-7,88.81753872,88.81753872,-,41.97556,86.56528
422,USA,US -298,COOPER,BWR,BWR-4 (Mark 1),2419,801,769,ENTERGY,GE,1968-6,1974-5,1974-7,92.96252557,92.96252557,-,40.36194,95.64139
423,USA,US -346,DAVIS BESSE-1,PWR,B&W RLP (DRYAM,2817,925,894,FENOC,B&W,1970-9,1977-8,1978-7,88.14333617,88.14333617,-,41.596667,-83.086389
424,USA,US -331,DUANE ARNOLD-1,BWR,BWR-4 (Mark 1),1912,624,601,NEXTERA,GE,1970-6,1974-5,1975-2,93.86916139,93.86916139,-,42.10056,91.77722
425,USA,US -348,FARLEY-1,PWR,WH 3LP (DRYAMB,2775,918,874,SOUTHERN,WH,1970-10,1977-8,1977-12,92.33065167,92.33065167,-,31.22306,85.11167
426,USA,US -364,FARLEY-2,PWR,WH 3LP (DRYAMB,2775,928,883,SOUTHERN,WH,1970-10,1981-5,1981-7,93.11262538,93.11262538,-,31.22306,85.11167
427,USA,US -333,FITZPATRICK,BWR,BWR-4 (Mark 1),2536,849,813,EXELON,GE,1968-9,1975-2,1975-7,93.37444281,93.57098983,-,43.5233,76.3983
428,USA,US -244,GINNA,PWR,WH 2LP (DRYAMB,1775,608,560,EXELON,WH,1966-4,1969-12,1970-7,95.15622417,95.20777167,-,43.27778,77.31
429,USA,US -400,HARRIS-1,PWR,WH 3LP (DRYAMB,2900,980,964,PROGRESS,WH,1978-1,1987-1,1987-5,91.43834893,91.43834893,-,35.6333,78.955
430,USA,US -321,HATCH-1,BWR,BWR-4 (Mark 1),2804,911,876,SOUTHERN,GE,1968-9,1974-11,1975-12,93.81160696,93.81160696,-,31.93417,82.34389
431,USA,US -366,HATCH-2,BWR,BWR-4 (Mark 1),2804,921,883,SOUTHERN,GE,1972-2,1978-9,1979-9,93.32522987,93.32522987,-,31.93417,82.34389
432,USA,US -263,MONTICELLO,BWR,BWR-3 (Mark 1),2004,691,628,NSP,GE,1967-6,1971-3,1971-6,89.04837575,89.04837575,-,45.33361,93.84917
433,USA,US -255,PALISADES,PWR,CE 2LP (DRYAMB,2565,850,805,ENTERGY,CE,1967-3,1971-12,1971-12,89.14771399,89.14771399,-,42.32278,86.31444
434,USA,US -458,RIVER BEND-1,BWR,BWR-6 (Mark 3),3091,1016,967,ENTERGY,GE,1977-3,1985-12,1986-6,90.10293973,90.10293973,-,30.7567,91.333
435,USA,US -261,ROBINSON-2,PWR,WH 3LP (DRYAMB,2339,780,741,PROGRESS,WH,1967-4,1970-9,1971-3,85.71278606,85.77758266,-,34.40278,80.15833
436,USA,US -335,ST. LUCIE-1,PWR,CE 2LP (DRYAMB,3020,1045,981,FPL,CE,1970-7,1976-5,1976-12,84.79825901,84.83460036,-,27.34861,80.24639
437,USA,US -389,ST. LUCIE-2,PWR,CE 2LP (DRYAMB,3020,1050,987,FPL,CE,1977-6,1983-6,1983-8,87.5786084,87.87408239,-,27.34861,80.24639
438,USA,US -395,SUMMER-1,PWR,WH 3LP (DRYAMB,2900,1006,973,SCE&G,WH,1973-3,1982-11,1984-1,89.51222202,89.51222202,-,34.29861,81.31472
